OFFICIALNM,LGA_CODE,intersection_pct,POSTCODE
ALPINE SHIRE,300,0.2480785141076065,3691
ALPINE SHIRE,300,1.0000000000000884,3698
ALPINE SHIRE,300,0.9614544333540077,3741
ALPINE SHIRE,300,0.996742180981742,3697
ALPINE SHIRE,300,0.5241664755938352,3699
ALPINE SHIRE,300,0.9999999999999885,3738
ALPINE SHIRE,300,0.9979178659381541,3737
ALPINE SHIRE,300,1.0000000000000036,3740
ALPINE SHIRE,300,0.9999999999999581,3739
ALPINE SHIRE,300,0.07582335689212949,3898
ALPINE SHIRE,300,0.16279300746201072,3862
ALPINE SHIRE,300,0.999999999999989,3744
ALPINE SHIRE,300,0.2480785141076065,3691
ALPINE SHIRE,300,1.0000000000000884,3698
ALPINE SHIRE,300,0.9614544333540077,3741
ALPINE SHIRE,300,0.996742180981742,3697
ALPINE SHIRE,300,0.5241664755938352,3699
ALPINE SHIRE,300,0.9999999999999885,3738
ALPINE SHIRE,300,0.9979178659381541,3737
ALPINE SHIRE,300,1.0000000000000036,3740
ALPINE SHIRE,300,0.9999999999999581,3739
ALPINE SHIRE,300,0.07582335689212949,3898
ALPINE SHIRE,300,0.16279300746201072,3862
ALPINE SHIRE,300,0.999999999999989,3744
ARARAT RURAL CITY,301,0.457614982534336,3351
ARARAT RURAL CITY,301,0.9997903305530802,3378
ARARAT RURAL CITY,301,0.025147912209552536,3361
ARARAT RURAL CITY,301,0.8291755196840449,3377
ARARAT RURAL CITY,301,0.07702551963373988,3271
ARARAT RURAL CITY,301,0.0590802502120955,3272
ARARAT RURAL CITY,301,0.2456639310697082,3381
ARARAT RURAL CITY,301,0.9489144130968501,3379
ARARAT RURAL CITY,301,0.25577097871225546,3293
ARARAT RURAL CITY,301,0.2667516937504606,3374
ARARAT RURAL CITY,301,0.2255534114575112,3469
ARARAT RURAL CITY,301,0.8553776753454801,3375
BALLARAT CITY,302,0.012201913903377274,3351
BALLARAT CITY,302,0.22661924811467243,3363
BALLARAT CITY,302,0.13259320670791458,3364
BALLARAT CITY,302,0.23248914849294122,3352
BALLARAT CITY,302,0.9999011881323919,3356
BALLARAT CITY,302,0.793649431409172,3357
BALLARAT CITY,302,0.9999999999999392,3355
BALLARAT CITY,302,1.0000000000000946,3358
BALLARAT CITY,302,0.9996800406164702,3350
BANYULE CITY,303,0.21964029854109335,3083
BANYULE CITY,303,0.7544687139136668,3085
BANYULE CITY,303,0.7889142635108357,3088
BANYULE CITY,303,0.9989195084731617,3087
BANYULE CITY,303,0.9963138613150855,3081
BANYULE CITY,303,0.9994995655682708,3084
BANYULE CITY,303,0.998535058250309,3079
BANYULE CITY,303,0.04149262474835118,3095
BANYULE CITY,303,0.9991991793473163,3093
BANYULE CITY,303,0.9998539489037269,3094
BASS COAST SHIRE,304,0.9982163437042014,3995
BASS COAST SHIRE,304,0.12530821463172914,3951
BASS COAST SHIRE,304,0.9961701544603813,3925
BASS COAST SHIRE,304,1.000000000000209,3979
BASS COAST SHIRE,304,0.9999064265474483,3992
BASS COAST SHIRE,304,0.9992473950326958,3922
BASS COAST SHIRE,304,0.9989200575269713,3991
BASS COAST SHIRE,304,0.5895377927582994,3945
BASS COAST SHIRE,304,0.9999917763024334,3923
BASS COAST SHIRE,304,0.6027219084205047,3996
BASS COAST SHIRE,304,0.9999999999998782,3990
BASS COAST SHIRE,304,0.4005146467431009,3984
BAW BAW SHIRE,305,0.0367893418741212,3950
BAW BAW SHIRE,305,0.9999999855685348,3821
BAW BAW SHIRE,305,1.0000000000000124,3822
BAW BAW SHIRE,305,0.9999999999999819,3831
BAW BAW SHIRE,305,0.9999703728315015,3823
BAW BAW SHIRE,305,0.8293184274923894,3825
BAW BAW SHIRE,305,0.9676735362210643,3835
BAW BAW SHIRE,305,0.040905833268247614,3854
BAW BAW SHIRE,305,0.9999999999999561,3820
BAW BAW SHIRE,305,0.9998655748164114,3818
BAW BAW SHIRE,305,0.9609620121761948,3824
BAW BAW SHIRE,305,0.43409036157517134,3856
BAW BAW SHIRE,305,0.020882588158173534,3953
BAW BAW SHIRE,305,0.9999999999999483,3832
BAW BAW SHIRE,305,0.07236885697599764,3871
BAW BAW SHIRE,305,0.045112611230753545,3981
BAW BAW SHIRE,305,0.8648610670466005,3816
BAW BAW SHIRE,305,0.022616357405017475,3987
BAW BAW SHIRE,305,0.9058058454560796,3833
BAW BAW SHIRE,305,0.24109309923734024,3988
BAYSIDE CITY,306,0.9971110484591696,3191
BAYSIDE CITY,306,0.9755415756873799,3187
BAYSIDE CITY,306,0.9624817555889963,3188
BAYSIDE CITY,306,0.5758674160780787,3190
BAYSIDE CITY,306,0.3236088127070529,3192
BAYSIDE CITY,306,0.9977520057285607,3193
BAYSIDE CITY,306,0.9758472150709034,3186
BENALLA RURAL CITY,381,0.9909401158163792,3673
BENALLA RURAL CITY,381,0.14501335432291618,3669
BENALLA RURAL CITY,381,0.8779109778170127,3670
BENALLA RURAL CITY,381,0.029077098094747265,3732
BENALLA RURAL CITY,381,0.9999999999999997,3672
BENALLA RURAL CITY,381,0.035848748921318785,3723
BENALLA RURAL CITY,381,0.8280134102598588,3725
BENALLA RURAL CITY,381,0.3897030339213749,3675
BENALLA RURAL CITY,381,0.9998687217437393,3726
BOROONDARA CITY,307,0.9999994366974579,3103
BOROONDARA CITY,307,0.9990849565524909,3122
BOROONDARA CITY,307,1.000000000000093,3126
BOROONDARA CITY,307,0.9999999762900478,3124
BOROONDARA CITY,307,0.997697342546491,3102
BOROONDARA CITY,307,0.9985525879451957,3101
BOROONDARA CITY,307,0.9996558072465178,3123
BOROONDARA CITY,307,0.4557047839680609,3127
BOROONDARA CITY,307,0.9892276609050141,3104
BOROONDARA CITY,307,0.6646318306544737,3146
BOROONDARA CITY,307,0.5336746462156041,3147
BRIMBANK CITY,308,0.33134553332074007,3023
BRIMBANK CITY,308,0.9999396348742171,3021
BRIMBANK CITY,308,0.4536089239449332,3026
BRIMBANK CITY,308,0.4523219814029967,3037
BRIMBANK CITY,308,1.0000000000001015,3022
BRIMBANK CITY,308,0.23563958974891697,3043
BRIMBANK CITY,308,0.3565966107401788,3042
BRIMBANK CITY,308,0.7885122266803831,3036
BRIMBANK CITY,308,0.43516298212893717,3033
BRIMBANK CITY,308,1.000000000000099,3038
BRIMBANK CITY,308,0.21703361546255695,3012
BRIMBANK CITY,308,0.9998385254630916,3020
BULOKE SHIRE,309,0.24813145328810568,3478
BULOKE SHIRE,309,0.9999872195947687,3483
BULOKE SHIRE,309,0.966202434843429,3533
BULOKE SHIRE,309,0.9999375297251425,3530
BULOKE SHIRE,309,0.044894592771473923,3518
BULOKE SHIRE,309,0.184337906865854,3542
BULOKE SHIRE,309,0.1561958337313473,3488
BULOKE SHIRE,309,0.8887380292593011,3527
BULOKE SHIRE,309,1.0000000000000078,3531
BULOKE SHIRE,309,0.07961321020822755,3395
BULOKE SHIRE,309,0.7257952819307704,3480
BULOKE SHIRE,309,1.000000000000026,3529
BULOKE SHIRE,309,0.20198353903403982,3544
BULOKE SHIRE,309,0.670353027184551,3525
BULOKE SHIRE,309,0.9191825979322851,3482
BULOKE SHIRE,309,0.01686034601283793,3477
BULOKE SHIRE,309,0.6264081154120502,3485
BULOKE SHIRE,309,0.08805455556045244,3393
CAMPASPE SHIRE,310,0.9997142892417354,3564
CAMPASPE SHIRE,310,0.8716846798362353,3559
CAMPASPE SHIRE,310,0.1275363956099594,3551
CAMPASPE SHIRE,310,0.9999018415693325,3562
CAMPASPE SHIRE,310,0.9998629712925939,3561
CAMPASPE SHIRE,310,0.9975205354725186,3566
CAMPASPE SHIRE,310,0.9995028208703588,3621
CAMPASPE SHIRE,310,0.9998532391390604,3624
CAMPASPE SHIRE,310,0.8332801698618008,3612
CAMPASPE SHIRE,310,0.3281972673714643,3557
CAMPASPE SHIRE,310,0.9999999999999776,3622
CAMPASPE SHIRE,310,0.6871610860069459,3572
CAMPASPE SHIRE,310,0.07461899289077546,3523
CAMPASPE SHIRE,310,0.4716869627303398,3558
CAMPASPE SHIRE,310,0.5595620901531769,3573
CAMPASPE SHIRE,310,0.9999999999999957,3565
CAMPASPE SHIRE,310,0.738501508572093,3620
CAMPASPE SHIRE,310,0.9999999999999838,3563
CAMPASPE SHIRE,310,0.9795400855944588,3623
CARDINIA SHIRE,311,1.0000000000000338,3814
CARDINIA SHIRE,311,0.9949951756678307,3783
CARDINIA SHIRE,311,0.9546184669254483,3981
CARDINIA SHIRE,311,0.9988620926647352,3815
CARDINIA SHIRE,311,0.1351389329529963,3816
CARDINIA SHIRE,311,0.5816516878356623,3984
CARDINIA SHIRE,311,0.9986312368492303,3781
CARDINIA SHIRE,311,0.22900340758007415,3159
CARDINIA SHIRE,311,0.6378232349811727,3782
CARDINIA SHIRE,311,0.9569441916768427,3807
CARDINIA SHIRE,311,0.9999999999999777,3810
CARDINIA SHIRE,311,0.02813132539999915,3980
CARDINIA SHIRE,311,1.0000000000000282,3813
CARDINIA SHIRE,311,1.000000000000015,3812
CARDINIA SHIRE,311,0.1218637688177815,3987
CARDINIA SHIRE,311,0.2801671029668584,3978
CARDINIA SHIRE,311,0.9992926808270263,3809
CARDINIA SHIRE,311,0.9991468544039003,3808
CASEY CITY,312,0.43409368231420015,3912
CASEY CITY,312,0.5513845241674262,3975
CASEY CITY,312,0.8485594545698373,3977
CASEY CITY,312,0.9999999999999367,3805
CASEY CITY,312,0.9991879699964958,3976
CASEY CITY,312,0.9994555950444296,3803
CASEY CITY,312,0.9978548630495311,3806
CASEY CITY,312,0.70042698071631,3804
CASEY CITY,312,0.9971008075757481,3177
CASEY CITY,312,0.043055808327120616,3807
CASEY CITY,312,0.9716234523910742,3980
CASEY CITY,312,0.7198328970331835,3978
CASEY CITY,312,0.08577766211219445,3156
CASEY CITY,312,0.9998835845298947,3802
CENTRAL GOLDFIELDS SHIRE,313,0.07239197342287215,3364
CENTRAL GOLDFIELDS SHIRE,313,0.7273346254814328,3472
CENTRAL GOLDFIELDS SHIRE,313,0.32054912693465265,3475
CENTRAL GOLDFIELDS SHIRE,313,0.713754715657937,3465
CENTRAL GOLDFIELDS SHIRE,313,0.6093563836217767,3371
CENTRAL GOLDFIELDS SHIRE,313,0.17714739813951996,3370
CENTRAL GOLDFIELDS SHIRE,313,0.8539561478165604,3464
COLAC OTWAY SHIRE,314,0.857345173300224,3237
COLAC OTWAY SHIRE,314,0.9999999999999455,3236
COLAC OTWAY SHIRE,314,0.9999041975868116,3243
COLAC OTWAY SHIRE,314,0.998934359506309,3233
COLAC OTWAY SHIRE,314,0.8588849719396509,3249
COLAC OTWAY SHIRE,314,0.03331435508178986,3266
COLAC OTWAY SHIRE,314,0.9985892035404348,3238
COLAC OTWAY SHIRE,314,0.9999999999998057,3254
COLAC OTWAY SHIRE,314,0.8792562096568896,3251
COLAC OTWAY SHIRE,314,0.11329712645252409,3321
COLAC OTWAY SHIRE,314,0.060296473437245535,3260
COLAC OTWAY SHIRE,314,0.9999999999999737,3250
COLAC OTWAY SHIRE,314,0.7995022988217405,3242
COLAC OTWAY SHIRE,314,0.9981992613976994,3234
COLAC OTWAY SHIRE,314,0.8986535169020005,3239
COLAC OTWAY SHIRE,314,0.24502008228153865,3241
COLAC OTWAY SHIRE,314,0.017033697192732213,3235
COLAC OTWAY SHIRE,314,0.41467852270323297,3322
COLAC OTWAY SHIRE,314,0.10987976460529089,3329
CORANGAMITE SHIRE,315,0.14240838400871314,3237
CORANGAMITE SHIRE,315,0.017844258772768247,3352
CORANGAMITE SHIRE,315,0.14111502806050566,3249
CORANGAMITE SHIRE,315,0.958037601961407,3323
CORANGAMITE SHIRE,315,0.9666856449181718,3266
CORANGAMITE SHIRE,315,0.4285119772903962,3361
CORANGAMITE SHIRE,315,0.12074379034314414,3251
CORANGAMITE SHIRE,315,0.10036843617791787,3271
CORANGAMITE SHIRE,315,0.9396288218780297,3260
CORANGAMITE SHIRE,315,0.021131832872142018,3360
CORANGAMITE SHIRE,315,0.9993732595333986,3325
CORANGAMITE SHIRE,315,0.10134648309816267,3239
CORANGAMITE SHIRE,315,0.9896153643890934,3324
CORANGAMITE SHIRE,315,0.999278144827265,3269
CORANGAMITE SHIRE,315,0.33568787468991396,3265
CORANGAMITE SHIRE,315,0.548124988886679,3270
CORANGAMITE SHIRE,315,1.00000000000005,3267
CORANGAMITE SHIRE,315,0.6969777699718707,3268
CORANGAMITE SHIRE,315,0.19928081665409697,3322
CORANGAMITE SHIRE,315,0.7679791039704493,3264
DAREBIN CITY,316,0.3864841959640292,3083
DAREBIN CITY,316,0.24553128608652994,3085
DAREBIN CITY,316,0.9997437726240809,3072
DAREBIN CITY,316,0.9986669289542158,3070
DAREBIN CITY,316,0.4513527649487968,3078
DAREBIN CITY,316,0.9991670277216715,3071
DAREBIN CITY,316,0.9995654043821564,3073
EAST GIPPSLAND SHIRE,319,0.9999314960205655,3885
EAST GIPPSLAND SHIRE,319,0.9999999999999669,3887
EAST GIPPSLAND SHIRE,319,0.07752561148018708,3701
EAST GIPPSLAND SHIRE,319,0.9997908662172399,3890
EAST GIPPSLAND SHIRE,319,0.9999999999999493,3904
EAST GIPPSLAND SHIRE,319,0.9999999999998852,3865
EAST GIPPSLAND SHIRE,319,1.0000000000000036,3878
EAST GIPPSLAND SHIRE,319,0.99999999999995,3903
EAST GIPPSLAND SHIRE,319,0.44552368131604225,3699
EAST GIPPSLAND SHIRE,319,0.1618149518447155,3707
EAST GIPPSLAND SHIRE,319,0.9986014015183384,3909
EAST GIPPSLAND SHIRE,319,0.9992941277631872,3892
EAST GIPPSLAND SHIRE,319,1.000000000000156,3902
EAST GIPPSLAND SHIRE,319,0.935896579505831,3864
EAST GIPPSLAND SHIRE,319,0.9997300854661342,3891
EAST GIPPSLAND SHIRE,319,0.9999999999999728,3893
EAST GIPPSLAND SHIRE,319,0.9241735279061537,3898
EAST GIPPSLAND SHIRE,319,1.0000000000000477,3895
EAST GIPPSLAND SHIRE,319,0.9998564789415726,3900
EAST GIPPSLAND SHIRE,319,0.8700740908416458,3880
EAST GIPPSLAND SHIRE,319,0.9997532142749017,3875
EAST GIPPSLAND SHIRE,319,0.07299646759941829,3862
EAST GIPPSLAND SHIRE,319,1.0000000000000377,3886
EAST GIPPSLAND SHIRE,319,1.0000000000000413,3896
EAST GIPPSLAND SHIRE,319,0.9993807044885554,3888
EAST GIPPSLAND SHIRE,319,0.999950819947692,3889
EAST GIPPSLAND SHIRE,319,0.9999999999998863,3882
FALLS CREEK ALPINE RESORT (UNINCORPORATED),386,0.030221023993012883,3699
FRANKSTON CITY,320,0.9991350282789214,3198
FRANKSTON CITY,320,0.9991193661729226,3910
FRANKSTON CITY,320,0.99998502909871545,3201
FRANKSTON CITY,320,1.000000000000147,3200
FRANKSTON CITY,320,0.15144031763897028,3977
FRANKSTON CITY,320,0.9904785620920691,3199
FRANKSTON CITY,320,0.4700081141154015,3911
FRENCH-ELIZABETH-SANDSTONE ISLANDS (UNINCORPO,379,0.9993616881954054,3921
GANNAWARRA SHIRE,321,0.021636275085262176,3585
GANNAWARRA SHIRE,321,0.9999689612146564,3540
GANNAWARRA SHIRE,321,0.8155868777187855,3542
GANNAWARRA SHIRE,321,0.10221577931354453,3527
GANNAWARRA SHIRE,321,0.9406397652418731,3579
GANNAWARRA SHIRE,321,0.9997638117382607,3568
GANNAWARRA SHIRE,321,0.02127420722747032,3537
GANNAWARRA SHIRE,321,0.9999999999999959,3581
GANNAWARRA SHIRE,321,0.7060499751390223,3567
GANNAWARRA SHIRE,321,0.999890306489952,3580
GLEN EIRA CITY,322,0.31699426097011396,3183
GLEN EIRA CITY,322,0.9093755337004452,3185
GLEN EIRA CITY,322,0.9999979615750285,3162
GLEN EIRA CITY,322,0.02445842430928873,3187
GLEN EIRA CITY,322,0.9999669034768354,3204
GLEN EIRA CITY,322,0.9987877297085802,3161
GLEN EIRA CITY,322,0.14028104937714916,3145
GLEN EIRA CITY,322,0.9999423453416089,3163
GLEN EIRA CITY,322,0.9991334803364945,3165
GLENELG SHIRE,323,0.041663954715327176,3301
GLENELG SHIRE,323,0.3549912503884222,3285
GLENELG SHIRE,323,0.9047531252736564,3304
GLENELG SHIRE,323,1.0000000000001654,3309
GLENELG SHIRE,323,0.9986490633026047,3305
GLENELG SHIRE,323,0.6253353744144146,3312
GLENELG SHIRE,323,0.06654596236188959,3315
GLENELG SHIRE,323,1.0000000000000178,3311
GLENELG SHIRE,323,0.5190171648412246,3302
GLENELG SHIRE,323,0.9301568781038221,3303
GLENELG SHIRE,323,0.9999138193921241,3292
GLENELG SHIRE,323,0.9999999999999909,3310
GOLDEN PLAINS SHIRE,324,0.31773820054138224,3351
GOLDEN PLAINS SHIRE,324,0.26628773645167797,3352
GOLDEN PLAINS SHIRE,324,0.9999999999999838,3328
GOLDEN PLAINS SHIRE,324,0.04196239803850811,3323
GOLDEN PLAINS SHIRE,324,0.9997683585021317,3331
GOLDEN PLAINS SHIRE,324,0.72271356319964275,3218
GOLDEN PLAINS SHIRE,324,0.999999999999986,3332
GOLDEN PLAINS SHIRE,324,0.6066341914867176,3321
GOLDEN PLAINS SHIRE,324,0.8751945919426238,3360
GOLDEN PLAINS SHIRE,324,0.08591723469096108,3213
GOLDEN PLAINS SHIRE,324,0.015218911149737422,3334
GOLDEN PLAINS SHIRE,324,0.010384635611040546,3324
GOLDEN PLAINS SHIRE,324,1.0000000000000022,3330
GOLDEN PLAINS SHIRE,324,0.386040660642774,3322
GOLDEN PLAINS SHIRE,324,0.8901202353947905,3329
GOLDEN PLAINS SHIRE,324,0.039462197591554476,3342
GOLDEN PLAINS SHIRE,324,0.9894826325351056,3333
GREATER BENDIGO CITY,325,0.12831531821566539,3559
GREATER BENDIGO CITY,325,0.5903141302680377,3551
GREATER BENDIGO CITY,325,1.0000000000000857,3555
GREATER BENDIGO CITY,325,0.6718027326286984,3557
GREATER BENDIGO CITY,325,0.7261938392955092,3556
GREATER BENDIGO CITY,325,0.7342343147923623,3515
GREATER BENDIGO CITY,325,0.6790555746098574,3523
GREATER BENDIGO CITY,325,0.1698704095500517,3444
GREATER BENDIGO CITY,325,0.11059701739910088,3516
GREATER BENDIGO CITY,325,0.5283130372688162,3558
GREATER BENDIGO CITY,325,1.000000000000162,3550
GREATER BENDIGO CITY,325,0.6080491956522074,3570
GREATER BENDIGO CITY,325,0.48924129943439104,3453
GREATER DANDENONG CITY,326,0.44437169717276676,3975
GREATER DANDENONG CITY,326,0.9985185797370578,3175
GREATER DANDENONG CITY,326,0.9999971580442075,3174
GREATER DANDENONG CITY,326,0.9989893522295356,3171
GREATER DANDENONG CITY,326,0.9998798646314787,3173
GREATER DANDENONG CITY,326,0.36894123047454325,3172
GREATER GEELONG CITY,327,0.1942412276150595,3340
GREATER GEELONG CITY,327,0.9999736760353558,3226
GREATER GEELONG CITY,327,0.9997222539935667,3220
GREATER GEELONG CITY,327,0.3994272342621405,3217
GREATER GEELONG CITY,327,0.9961835711642522,3223
GREATER GEELONG CITY,327,0.9995983774938271,3222
GREATER GEELONG CITY,327,0.2756363408169804,3218
GREATER GEELONG CITY,327,0.760292409373952,3227
GREATER GEELONG CITY,327,0.9991192552878545,3224
GREATER GEELONG CITY,327,0.9999878212518432,3219
GREATER GEELONG CITY,327,0.11194625966741337,3221
GREATER GEELONG CITY,327,0.9997192741620999,3215
GREATER GEELONG CITY,327,0.9140827653094068,3213
GREATER GEELONG CITY,327,0.38786867359711036,3225
GREATER GEELONG CITY,327,0.9999250247629204,3216
GREATER GEELONG CITY,327,0.9991908008129451,3214
GREATER GEELONG CITY,327,0.9683834435641155,3212
GREATER GEELONG CITY,327,0.6269650783545628,3211
GREATER SHEPPARTON CITY,328,0.3021144280130868,3646
GREATER SHEPPARTON CITY,328,0.9999995845483046,3630
GREATER SHEPPARTON CITY,328,1.0000000000000073,3633
GREATER SHEPPARTON CITY,328,0.9999999999997852,3647
GREATER SHEPPARTON CITY,328,0.9995960478596727,3629
GREATER SHEPPARTON CITY,328,0.10071469537512508,3669
GREATER SHEPPARTON CITY,328,0.8916042902197412,3631
GREATER SHEPPARTON CITY,328,1.000000000000003,3617
GREATER SHEPPARTON CITY,328,0.9999682395204583,3618
GREATER SHEPPARTON CITY,328,0.9371169485525949,3610
GREATER SHEPPARTON CITY,328,0.1715493540016392,3725
GREATER SHEPPARTON CITY,328,1.0000000000000122,3614
GREATER SHEPPARTON CITY,328,0.9412016644259045,3634
GREATER SHEPPARTON CITY,328,0.2609867985585535,3620
GREATER SHEPPARTON CITY,328,0.9997175800208793,3616
GREATER SHEPPARTON CITY,328,0.020459914405534314,3623
HEPBURN SHIRE,329,0.7733805438831947,3363
HEPBURN SHIRE,329,0.6045495548220822,3364
HEPBURN SHIRE,329,0.012613144476094613,3352
HEPBURN SHIRE,329,0.10646513171301675,3371
HEPBURN SHIRE,329,0.8224501609812204,3370
HEPBURN SHIRE,329,0.8440160338630105,3461
HEPBURN SHIRE,329,0.03263906512490647,3444
HEPBURN SHIRE,329,0.12442036406426307,3451
HEPBURN SHIRE,329,0.502293535025047,3446
HEPBURN SHIRE,329,0.02518993258696035,3447
HEPBURN SHIRE,329,1.0000000000000038,3460
HEPBURN SHIRE,329,0.26609260359185943,3458
HINDMARSH SHIRE,330,0.09311167583505578,3395
HINDMARSH SHIRE,330,0.9863825001298065,3414
HINDMARSH SHIRE,330,0.6346213009213135,3424
HINDMARSH SHIRE,330,0.9695173892906626,3418
HINDMARSH SHIRE,330,0.9999818185101323,3423
HINDMARSH SHIRE,330,0.14909424747233777,3490
HINDMARSH SHIRE,330,0.01707231442492369,3419
HOBSONS BAY CITY,331,0.9983138171705085,3018
HOBSONS BAY CITY,331,0.9818593750090997,3016
HOBSONS BAY CITY,331,0.1405893170827234,3012
HOBSONS BAY CITY,331,0.9986944747826079,3025
HOBSONS BAY CITY,331,0.9985977747158037,3015
HOBSONS BAY CITY,331,0.8918875451283813,3028
HORSHAM RURAL CITY,332,0.6564327272270128,3401
HORSHAM RURAL CITY,332,0.10352003442683773,3390
HORSHAM RURAL CITY,332,1.0000000000000262,3400
HORSHAM RURAL CITY,332,0.11423025335844321,3385
HORSHAM RURAL CITY,332,0.6579898856090958,3409
HUME CITY,333,0.037626027975615386,3060
HUME CITY,333,0.9997365167231079,3428
HUME CITY,333,0.22622742362013634,3427
HUME CITY,333,0.9989516076161947,3429
HUME CITY,333,0.6475078697048812,3043
HUME CITY,333,0.9998887401021163,3045
HUME CITY,333,0.9999999999998979,3063
HUME CITY,333,0.21148777332279559,3036
HUME CITY,333,0.809034625654674,3064
HUME CITY,333,0.16080255919273725,3430
HUME CITY,333,0.9995777645636964,3062
HUME CITY,333,0.9991524694535132,3047
HUME CITY,333,0.9999999999999382,3049
HUME CITY,333,0.999476486983635,3061
HUME CITY,333,1.0000000000000893,3048
HUME CITY,333,1.0000000000000127,3059
INDIGO SHIRE,334,0.8894739726082243,3685
INDIGO SHIRE,334,0.17267021427500598,3691
INDIGO SHIRE,334,0.5420311014180295,3682
INDIGO SHIRE,334,0.9996974400022183,3687
INDIGO SHIRE,334,0.9561655152641567,3695
INDIGO SHIRE,334,0.8756375026298105,3747
INDIGO SHIRE,334,0.9993702116126183,3683
INDIGO SHIRE,334,0.9964934873671,3688
INDIGO SHIRE,334,0.9988087867923625,3749
KINGSTON CITY,335,0.99608493416032,3197
KINGSTON CITY,335,0.9997432354030847,3189
KINGSTON CITY,335,1.0000000000001112,3202
KINGSTON CITY,335,0.4241325839231716,3190
KINGSTON CITY,335,0.6763911872933005,3192
KINGSTON CITY,335,0.999012963097553,3194
KINGSTON CITY,335,0.422321548045276,3167
KINGSTON CITY,335,0.631058769525247,3172
KINGSTON CITY,335,0.9959252230146842,3169
KINGSTON CITY,335,0.9996684057777988,3195
KINGSTON CITY,335,0.9998841404119149,3196
KNOX CITY,336,1.0000000000003542,3180
KNOX CITY,336,0.9990231978448401,3155
KNOX CITY,336,0.9993639604544995,3178
KNOX CITY,336,0.9988891917616461,3154
KNOX CITY,336,0.5706703485086775,3156
KNOX CITY,336,0.9996193742118055,3152
KNOX CITY,336,0.5451810839815963,3153
KNOX CITY,336,0.9989515877845009,3179
KNOX CITY,336,0.12716433824002227,3787
LATROBE CITY,337,0.09360404310797638,3825
LATROBE CITY,337,0.835904711216394,3870
LATROBE CITY,337,0.48938235508325606,3854
LATROBE CITY,337,0.24376215130797232,3857
LATROBE CITY,337,0.6133622033304772,3844
LATROBE CITY,337,0.018040052696571628,3971
LATROBE CITY,337,1.000000000000021,3869
LATROBE CITY,337,0.027091276642908113,3824
LATROBE CITY,337,0.2901378016932681,3856
LATROBE CITY,337,1.0000000000002411,3842
LATROBE CITY,337,0.9997997376239386,3840
LATROBE CITY,337,0.14185350157093995,3871
LODDON SHIRE,338,0.2688596478397286,3551
LODDON SHIRE,338,0.21871905625963875,3472
LODDON SHIRE,338,0.9999999999999941,3517
LODDON SHIRE,338,0.43467214529670667,3475
LODDON SHIRE,338,0.9551054072285802,3518
LODDON SHIRE,338,0.9999999994857578,3571
LODDON SHIRE,338,0.27380616070461244,3556
LODDON SHIRE,338,0.25235958930106955,3515
LODDON SHIRE,338,0.31216895699404984,3572
LODDON SHIRE,338,0.8894029826010623,3516
LODDON SHIRE,338,0.04521143111615978,3579
LODDON SHIRE,338,0.4404379098468785,3573
LODDON SHIRE,338,0.9999999999999942,3520
LODDON SHIRE,338,0.32963877482240184,3525
LODDON SHIRE,338,0.9994322590961474,3575
LODDON SHIRE,338,0.39186844638469326,3570
LODDON SHIRE,338,0.9784543406262173,3537
LODDON SHIRE,338,0.28934513923467053,3567
LODDON SHIRE,338,0.019505488253867408,3477
LODDON SHIRE,338,1.000000000000053,3576
LODDON SHIRE,338,0.25835919323594786,3463
MACEDON RANGES SHIRE,339,0.9995520144851465,3437
MACEDON RANGES SHIRE,339,0.9997970233753187,3442
MACEDON RANGES SHIRE,339,1.0000000000000058,3440
MACEDON RANGES SHIRE,339,1.0000000000000084,3441
MACEDON RANGES SHIRE,339,1.0000000000000528,3432
MACEDON RANGES SHIRE,339,0.9999999999999895,3438
MACEDON RANGES SHIRE,339,1.0000000000000566,3433
MACEDON RANGES SHIRE,339,0.48670899437698273,3444
MACEDON RANGES SHIRE,339,0.9998421209190435,3434
MACEDON RANGES SHIRE,339,0.8386100102442929,3430
MACEDON RANGES SHIRE,339,0.493974598960759,3756
MACEDON RANGES SHIRE,339,0.9981972231980193,3431
MACEDON RANGES SHIRE,339,0.34591555594821255,3446
MACEDON RANGES SHIRE,339,0.27751021031303635,3762
MACEDON RANGES SHIRE,339,0.03489966026775193,3447
MACEDON RANGES SHIRE,339,0.688274642385628,3435
MACEDON RANGES SHIRE,339,0.09947290705163568,3458
MANNINGHAM CITY,340,0.99833170237984,3105
MANNINGHAM CITY,340,0.9937413766740186,3108
MANNINGHAM CITY,340,0.9970429356266897,3109
MANNINGHAM CITY,340,0.9995896351954443,3107
MANNINGHAM CITY,340,0.9176441999441917,3115
MANNINGHAM CITY,340,0.6584021410047125,3113
MANNINGHAM CITY,340,0.999809078141099,3111
MANNINGHAM CITY,340,0.9910623257419405,3114
MANNINGHAM CITY,340,0.015031137852758737,3131
MANNINGHAM CITY,340,0.999227175354812,3106
MANNINGHAM CITY,340,0.2163998112801739,3134
MANSFIELD SHIRE,382,0.9946552044732331,3722
MANSFIELD SHIRE,382,0.019677103401126352,3669
MANSFIELD SHIRE,382,0.031666643521260966,3858
MANSFIELD SHIRE,382,0.011582901927155526,3719
MANSFIELD SHIRE,382,0.23677980003577825,3713
MANSFIELD SHIRE,382,0.887141692226716,3723
MANSFIELD SHIRE,382,0.9981964807481415,3720
MANSFIELD SHIRE,382,0.9185050822606435,3715
MARIBYRNONG CITY,341,0.6418127171551862,3012
MARIBYRNONG CITY,341,0.5628621597651512,3032
MARIBYRNONG CITY,341,0.999638977231728,3019
MARIBYRNONG CITY,341,0.9993208772985804,3011
MARIBYRNONG CITY,341,0.9991918086122074,3013
MAROONDAH CITY,342,0.9997774914797932,3136
MAROONDAH CITY,342,0.017695370024158014,3133
MAROONDAH CITY,342,0.9998600645204583,3135
MAROONDAH CITY,342,0.34860686586735773,3137
MAROONDAH CITY,342,0.45473360520960526,3153
MAROONDAH CITY,342,0.7835955555330527,3134
MELBOURNE CITY,343,0.7669384894786738,3031
MELBOURNE CITY,343,0.9981302555245576,3008
MELBOURNE CITY,343,0.9973016041619666,3051
MELBOURNE CITY,343,0.9837753790387275,3052
MELBOURNE CITY,343,0.8584574878411229,3006
MELBOURNE CITY,343,0.9999999999999636,3000
MELBOURNE CITY,343,0.99992972224674,3053
MELBOURNE CITY,343,0.3955581777632529,3054
MELBOURNE CITY,343,0.29686300076281363,3141
MELBOURNE CITY,343,0.9999901419027895,3002
MELBOURNE CITY,343,0.692058980528315,3004
MELBOURNE CITY,343,0.9970269908182022,3003
MELBOURNE CITY,343,0.5538204980111835,3207
MELTON CITY,344,0.6686544666794326,3023
MELTON CITY,344,0.7426073517285401,3338
MELTON CITY,344,0.9999999999999558,3336
MELTON CITY,344,1.0000000000000127,3335
MELTON CITY,344,0.9909067481312379,3337
MELTON CITY,344,0.2737282420277932,3024
MELTON CITY,344,0.04510520373688604,3340
MELTON CITY,344,0.7736346785710864,3427
MELTON CITY,344,0.3172873218943279,3029
MELTON CITY,344,0.5476780185980429,3037
MERRI-BEK CITY,351,0.9613612221554585,3060
MERRI-BEK CITY,351,0.9999974367451665,3056
MERRI-BEK CITY,351,0.9913584332390522,3058
MERRI-BEK CITY,351,0.9995208890684901,3044
MERRI-BEK CITY,351,0.11638504154725597,3043
MERRI-BEK CITY,351,0.9990381970943811,3046
MERRI-BEK CITY,351,0.01579957499400426,3052
MERRI-BEK CITY,351,0.9994734409847059,3057
MERRI-BEK CITY,351,0.043169255725405746,3068
MERRI-BEK CITY,351,0.9970149327200832,3055
MILDURA RURAL CITY,345,0.9998930582619607,3496
MILDURA RURAL CITY,345,0.9994841171503093,3501
MILDURA RURAL CITY,345,0.9999803770599809,3512
MILDURA RURAL CITY,345,0.9999619797642906,3498
MILDURA RURAL CITY,345,0.9999576842773771,3500
MILDURA RURAL CITY,345,0.3777371783888226,3491
MILDURA RURAL CITY,345,0.5971134533054185,3489
MILDURA RURAL CITY,345,0.9998182462802988,3494
MILDURA RURAL CITY,345,0.999999999999999,3509
MILDURA RURAL CITY,345,0.9999999999999912,3506
MILDURA RURAL CITY,345,0.8134594768956551,3490
MILDURA RURAL CITY,345,0.9999999999999993,3507
MILDURA RURAL CITY,345,0.9999983579097216,3505
MITCHELL SHIRE,346,0.03155695817525552,3666
MITCHELL SHIRE,346,0.9992238846192489,3662
MITCHELL SHIRE,346,0.23719183192278692,3664
MITCHELL SHIRE,346,0.28758152059201103,3663
MITCHELL SHIRE,346,0.999936914762741,3659
MITCHELL SHIRE,346,0.6786885864156292,3660
MITCHELL SHIRE,346,0.03714843313085508,3523
MITCHELL SHIRE,346,0.99999999999999,3521
MITCHELL SHIRE,346,0.14484484087187002,3444
MITCHELL SHIRE,346,0.9996751414777716,3522
MITCHELL SHIRE,346,0.6556206211661189,3753
MITCHELL SHIRE,346,0.9973660904111087,3764
MITCHELL SHIRE,346,0.505498293078534,3756
MITCHELL SHIRE,346,0.8291905515731267,3658
MITCHELL SHIRE,346,0.017399830898001675,3717
MITCHELL SHIRE,346,0.7224897896871196,3762
MITCHELL SHIRE,346,1.0000000000000133,3758
MITCHELL SHIRE,346,0.3117253576143585,3435
MOIRA SHIRE,347,0.6768958973191792,3646
MOIRA SHIRE,347,0.9999994552195881,3637
MOIRA SHIRE,347,0.9934312438301169,3730
MOIRA SHIRE,347,1.0000000000000093,3728
MOIRA SHIRE,347,0.9979091635939479,3641
MOIRA SHIRE,347,0.9996351132613814,3635
MOIRA SHIRE,347,0.9978617017100764,3644
MOIRA SHIRE,347,0.9999056101324296,3636
MOIRA SHIRE,347,0.9992229237787791,3639
MOIRA SHIRE,347,0.9999999999998744,3649
MOIRA SHIRE,347,0.9995358323937266,3727
MOIRA SHIRE,347,0.9986800768680885,3638
MOIRA SHIRE,347,0.05879833557425179,3634
MOIRA SHIRE,347,0.05118457202036089,3675
MOIRA SHIRE,347,0.025395627606123895,3678
MOIRA SHIRE,347,0.999999999999994,3640
MONASH CITY,348,0.5773867639532587,3167
MONASH CITY,348,0.9999841111931531,3166
MONASH CITY,348,0.46480054497411333,3147
MONASH CITY,348,0.9994923181493971,3148
MONASH CITY,348,0.16695600075234152,3125
MONASH CITY,348,0.9999993171575574,3149
MONASH CITY,348,0.9999958337607742,3168
MONASH CITY,348,0.999939632375129,3150
MONASH CITY,348,0.9999264171188248,3170
MOONEE VALLEY CITY,349,0.23275282049870882,3031
MOONEE VALLEY CITY,349,0.9992423598328949,3039
MOONEE VALLEY CITY,349,0.643263398015648,3042
MOONEE VALLEY CITY,349,0.5648370178691186,3033
MOONEE VALLEY CITY,349,0.9995574975972503,3040
MOONEE VALLEY CITY,349,0.9988474053653861,3034
MOONEE VALLEY CITY,349,0.9993274305700065,3041
MOONEE VALLEY CITY,349,0.4367449507858293,3032
MOORABOOL SHIRE,350,0.7605315432512829,3340
MOORABOOL SHIRE,350,0.03636945822507578,3364
MOORABOOL SHIRE,350,0.23848167411640264,3352
MOORABOOL SHIRE,350,0.10274506725085544,3461
MOORABOOL SHIRE,350,0.9999999999999599,3345
MOORABOOL SHIRE,350,0.20635056859059267,3357
MOORABOOL SHIRE,350,0.999999999999981,3341
MOORABOOL SHIRE,350,0.9847810888503306,3334
MOORABOOL SHIRE,350,0.9604865433731287,3342
MOORABOOL SHIRE,350,0.6344344893562555,3458
MOORABOOL SHIRE,350,0.010517367464957322,3333
MORNINGTON PENINSULA SHIRE,352,0.9996771849386737,3942
MORNINGTON PENINSULA SHIRE,352,1.0000000000000937,3933
MORNINGTON PENINSULA SHIRE,352,0.9934195000603343,3944
MORNINGTON PENINSULA SHIRE,352,0.5655541222533826,3912
MORNINGTON PENINSULA SHIRE,352,0.9999999999999635,3937
MORNINGTON PENINSULA SHIRE,352,0.9951155973970348,3936
MORNINGTON PENINSULA SHIRE,352,0.9927898671894483,3930
MORNINGTON PENINSULA SHIRE,352,0.5298297890747761,3911
MORNINGTON PENINSULA SHIRE,352,0.9999999999999896,3928
MORNINGTON PENINSULA SHIRE,352,0.9999863771240662,3918
MORNINGTON PENINSULA SHIRE,352,0.9984517151806792,3941
MORNINGTON PENINSULA SHIRE,352,0.9918228782446618,3927
MORNINGTON PENINSULA SHIRE,352,0.9862088231649425,3929
MORNINGTON PENINSULA SHIRE,352,0.9893587953490686,3915
MORNINGTON PENINSULA SHIRE,352,0.9912306804425701,3931
MORNINGTON PENINSULA SHIRE,352,1.000000000000011,3913
MORNINGTON PENINSULA SHIRE,352,0.9988798674378221,3920
MORNINGTON PENINSULA SHIRE,352,0.9990132761272007,3926
MORNINGTON PENINSULA SHIRE,352,0.9922811684621149,3940
MORNINGTON PENINSULA SHIRE,352,0.9972414777793398,3934
MORNINGTON PENINSULA SHIRE,352,0.9916164293622961,3919
MORNINGTON PENINSULA SHIRE,352,0.9982763526080143,3939
MORNINGTON PENINSULA SHIRE,352,0.9984703182057112,3943
MORNINGTON PENINSULA SHIRE,352,0.9901777451175808,3938
MORNINGTON PENINSULA SHIRE,352,0.9865524407963389,3916
MOUNT ALEXANDER SHIRE,353,0.013289826282153066,3551
MOUNT ALEXANDER SHIRE,353,0.15409580682260546,3364
MOUNT ALEXANDER SHIRE,353,0.053904935252066084,3472
MOUNT ALEXANDER SHIRE,353,0.0131666078084033,3465
MOUNT ALEXANDER SHIRE,353,0.04867280275306773,3461
MOUNT ALEXANDER SHIRE,353,0.013406095906480862,3515
MOUNT ALEXANDER SHIRE,353,0.9998319682827951,3448
MOUNT ALEXANDER SHIRE,353,0.14604385218388158,3464
MOUNT ALEXANDER SHIRE,353,0.16593669007603862,3444
MOUNT ALEXANDER SHIRE,353,0.9999999999998058,3450
MOUNT ALEXANDER SHIRE,353,0.9987872740607812,3462
MOUNT ALEXANDER SHIRE,353,0.8755796359358522,3451
MOUNT ALEXANDER SHIRE,353,0.15179090902685752,3446
MOUNT ALEXANDER SHIRE,353,0.741259281235992,3463
MOUNT ALEXANDER SHIRE,353,0.9399104071454362,3447
MOUNT ALEXANDER SHIRE,353,0.5107587005656472,3453
MOUNT HOTHAM ALPINE RESORT (UNINCORPORATED),388,0.03854555715243632,3741
MOYNE SHIRE,354,0.11676543529336281,3301
MOYNE SHIRE,354,0.012796085149091882,3351
MOYNE SHIRE,354,0.644872152430423,3285
MOYNE SHIRE,354,0.09524687472637135,3304
MOYNE SHIRE,354,0.8496905759261048,3277
MOYNE SHIRE,354,0.9232301444166493,3281
MOYNE SHIRE,354,0.986901766705938,3282
MOYNE SHIRE,354,0.999999999999995,3276
MOYNE SHIRE,354,0.8226060441882065,3271
MOYNE SHIRE,354,0.9409197497879214,3272
MOYNE SHIRE,354,0.998728975297571,3284
MOYNE SHIRE,354,0.9999999999999442,3273
MOYNE SHIRE,354,0.9996778848169873,3275
MOYNE SHIRE,354,0.9854434479546027,3283
MOYNE SHIRE,354,0.9999899979996717,3279
MOYNE SHIRE,354,0.09077915061691647,3280
MOYNE SHIRE,354,0.664312125309845,3265
MOYNE SHIRE,354,0.05107043739766845,3379
MOYNE SHIRE,354,0.13327721463150827,3293
MOYNE SHIRE,354,0.27839664951239124,3289
MOYNE SHIRE,354,0.9899451243689833,3274
MOYNE SHIRE,354,0.06981560529562156,3303
MOYNE SHIRE,354,0.9998984348861022,3287
MOYNE SHIRE,354,0.4496154959134762,3270
MOYNE SHIRE,354,0.9999745610610736,3286
MOYNE SHIRE,354,0.30287566448579223,3268
MOYNE SHIRE,354,0.9999999999994684,3278
MOYNE SHIRE,354,0.23202089602964546,3264
MURRINDINDI SHIRE,355,1.0000000000000042,3711
MURRINDINDI SHIRE,355,0.6636998514639003,3763
MURRINDINDI SHIRE,355,1.0000000000000682,3718
MURRINDINDI SHIRE,355,0.9880186792916333,3719
MURRINDINDI SHIRE,355,0.7632201943904424,3713
MURRINDINDI SHIRE,355,0.3312000918725549,3779
MURRINDINDI SHIRE,355,0.999825567175287,3714
MURRINDINDI SHIRE,355,0.32093294574238307,3660
MURRINDINDI SHIRE,355,1.000000000000051,3712
MURRINDINDI SHIRE,355,0.1699393040404282,3658
MURRINDINDI SHIRE,355,0.9826001691019435,3717
MURRINDINDI SHIRE,355,0.7059042152082143,3778
MURRINDINDI SHIRE,355,0.32102521908958936,3757
MURRINDINDI SHIRE,355,0.3986405677017939,3777
MURRINDINDI SHIRE,355,0.08119217202950256,3715
NILLUMBIK SHIRE,356,0.08925056380855884,3755
NILLUMBIK SHIRE,356,1.0000000000000908,3760
NILLUMBIK SHIRE,356,0.32725638496951226,3754
NILLUMBIK SHIRE,356,0.33629213348289966,3763
NILLUMBIK SHIRE,356,0.2110212091460883,3088
NILLUMBIK SHIRE,356,1.0000000000000104,3759
NILLUMBIK SHIRE,356,0.999210971363289,3090
NILLUMBIK SHIRE,356,0.9994765596784411,3091
NILLUMBIK SHIRE,356,0.9999915141399002,3099
NILLUMBIK SHIRE,356,1.0000000000000158,3089
NILLUMBIK SHIRE,356,1.0000000000000795,3096
NILLUMBIK SHIRE,356,0.3415978589947159,3113
NILLUMBIK SHIRE,356,0.2852515504418993,3775
NILLUMBIK SHIRE,356,0.9999999997609601,3761
NILLUMBIK SHIRE,356,0.9995839688711311,3097
NILLUMBIK SHIRE,356,0.9582033724105812,3095
NILLUMBIK SHIRE,356,0.06141107996261756,3757
NORTHERN GRAMPIANS SHIRE,357,0.0825503021785932,3401
NORTHERN GRAMPIANS SHIRE,357,0.14297698809940046,3478
NORTHERN GRAMPIANS SHIRE,357,0.6397810870628353,3384
NORTHERN GRAMPIANS SHIRE,357,0.2447787277681825,3475
NORTHERN GRAMPIANS SHIRE,357,0.039542628242804204,3465
NORTHERN GRAMPIANS SHIRE,357,0.9999515417791921,3387
NORTHERN GRAMPIANS SHIRE,357,0.11042319860989361,3377
NORTHERN GRAMPIANS SHIRE,357,0.9999999999999722,3380
NORTHERN GRAMPIANS SHIRE,357,0.18569122855834735,3480
NORTHERN GRAMPIANS SHIRE,357,0.16275610005547492,3388
NORTHERN GRAMPIANS SHIRE,357,0.7513034463189361,3385
NORTHERN GRAMPIANS SHIRE,357,0.7421959333595765,3381
NORTHERN GRAMPIANS SHIRE,357,0.0399334735443022,3314
NORTHERN GRAMPIANS SHIRE,357,0.7332483062496037,3374
NORTHERN GRAMPIANS SHIRE,357,0.9328976592821605,3477
PORT PHILLIP CITY,358,0.683004475659615,3183
PORT PHILLIP CITY,358,0.9978709972939842,3184
PORT PHILLIP CITY,358,0.09062282233644056,3185
PORT PHILLIP CITY,358,0.01938732035411758,3181
PORT PHILLIP CITY,358,0.9889965579096408,3182
PORT PHILLIP CITY,358,0.14154251215845792,3006
PORT PHILLIP CITY,358,0.9945068294285964,3206
PORT PHILLIP CITY,358,0.3079294422294778,3004
PORT PHILLIP CITY,358,0.4460870084040118,3207
PORT PHILLIP CITY,358,0.9999998793026192,3205
PYRENEES SHIRE,359,0.6088913837424154,3478
PYRENEES SHIRE,359,0.19964626176692435,3351
PYRENEES SHIRE,359,0.2322840330866087,3352
PYRENEES SHIRE,359,0.3602189129371945,3384
PYRENEES SHIRE,359,0.9999999999999837,3467
PYRENEES SHIRE,359,0.23353604829101884,3465
PYRENEES SHIRE,359,0.2841784846650818,3371
PYRENEES SHIRE,359,0.9999999999999987,3468
PYRENEES SHIRE,359,0.5462317821728545,3361
PYRENEES SHIRE,359,0.0604012817060583,3377
PYRENEES SHIRE,359,0.10367357518541516,3360
PYRENEES SHIRE,359,0.9923147159984996,3373
PYRENEES SHIRE,359,0.030724982858200037,3477
PYRENEES SHIRE,359,0.7744465885426857,3469
PYRENEES SHIRE,359,0.14462232465449346,3375
QUEENSCLIFFE BOROUGH,360,0.15401579884136624,3225
SOUTH GIPPSLAND SHIRE,361,0.9632106581258593,3950
SOUTH GIPPSLAND SHIRE,361,0.8746917853682241,3951
SOUTH GIPPSLAND SHIRE,361,1.000000000000007,3958
SOUTH GIPPSLAND SHIRE,361,0.9747866182165551,3964
SOUTH GIPPSLAND SHIRE,361,0.9999851071157131,3946
SOUTH GIPPSLAND SHIRE,361,1.000000000000031,3957
SOUTH GIPPSLAND SHIRE,361,0.41046220724201965,3945
SOUTH GIPPSLAND SHIRE,361,0.03232646377889195,3835
SOUTH GIPPSLAND SHIRE,361,0.29308436488700845,3967
SOUTH GIPPSLAND SHIRE,361,1.0000000000000373,3954
SOUTH GIPPSLAND SHIRE,361,0.9995728792032201,3956
SOUTH GIPPSLAND SHIRE,361,0.9983529680890362,3960
SOUTH GIPPSLAND SHIRE,361,0.6396442126723616,3966
SOUTH GIPPSLAND SHIRE,361,0.7453661943335582,3962
SOUTH GIPPSLAND SHIRE,361,0.3966574626189931,3996
SOUTH GIPPSLAND SHIRE,361,0.9999989606390135,3959
SOUTH GIPPSLAND SHIRE,361,0.011946711180960183,3824
SOUTH GIPPSLAND SHIRE,361,0.9995735742973083,3965
SOUTH GIPPSLAND SHIRE,361,0.9791174118417172,3953
SOUTH GIPPSLAND SHIRE,361,0.7857776414529037,3871
SOUTH GIPPSLAND SHIRE,361,0.01676748323112114,3984
SOUTH GIPPSLAND SHIRE,361,0.855417180057069,3987
SOUTH GIPPSLAND SHIRE,361,0.7588467260159766,3988
SOUTHERN GRAMPIANS SHIRE,362,0.8415706099912369,3301
SOUTHERN GRAMPIANS SHIRE,362,0.07225854983570856,3401
SOUTHERN GRAMPIANS SHIRE,362,0.01214013557072866,3381
SOUTHERN GRAMPIANS SHIRE,362,0.2614555408154591,3317
SOUTHERN GRAMPIANS SHIRE,362,0.9982062371907688,3407
SOUTHERN GRAMPIANS SHIRE,362,0.027681630466197024,3312
SOUTHERN GRAMPIANS SHIRE,362,0.9600665255809953,3314
SOUTHERN GRAMPIANS SHIRE,362,0.9252072283237295,3315
SOUTHERN GRAMPIANS SHIRE,362,0.9929168127578082,3294
SOUTHERN GRAMPIANS SHIRE,362,0.6109518066562329,3293
SOUTHERN GRAMPIANS SHIRE,362,0.9999757091479428,3300
SOUTHERN GRAMPIANS SHIRE,362,0.4809828351586915,3302
SOUTHERN GRAMPIANS SHIRE,362,0.7216033504875426,3289
SOUTHERN GRAMPIANS SHIRE,362,0.010054875630762725,3274
STONNINGTON CITY,363,0.9805835787875629,3181
STONNINGTON CITY,363,0.9985901349052912,3142
STONNINGTON CITY,363,0.9976667593024834,3144
STONNINGTON CITY,363,0.9999972451052047,3143
STONNINGTON CITY,363,0.7007300607373059,3141
STONNINGTON CITY,363,0.8594965845992413,3145
STONNINGTON CITY,363,0.3353676789328985,3146
STRATHBOGIE SHIRE,364,0.0209896746677246,3646
STRATHBOGIE SHIRE,364,0.9588736040529819,3666
STRATHBOGIE SHIRE,364,1.000000000000026,3665
STRATHBOGIE SHIRE,364,0.7345948469007926,3669
STRATHBOGIE SHIRE,364,0.9996682752978427,3607
STRATHBOGIE SHIRE,364,0.1660573659945802,3612
STRATHBOGIE SHIRE,364,0.7628081680769817,3664
STRATHBOGIE SHIRE,364,0.7124184794085987,3663
STRATHBOGIE SHIRE,364,0.10839570978008922,3631
STRATHBOGIE SHIRE,364,0.12208902218295613,3670
STRATHBOGIE SHIRE,364,0.2091769993685782,3523
STRATHBOGIE SHIRE,364,0.9983418662552983,3608
STRATHBOGIE SHIRE,364,0.062493595024504814,3610
SURF COAST SHIRE,365,0.9993188798691506,3232
SURF COAST SHIRE,365,0.6005727657380662,3217
SURF COAST SHIRE,365,0.23968211419757235,3227
SURF COAST SHIRE,365,0.9984307063333311,3230
SURF COAST SHIRE,365,0.2800686820607198,3321
SURF COAST SHIRE,365,0.8869868329100937,3221
SURF COAST SHIRE,365,0.9966689278198219,3228
SURF COAST SHIRE,365,0.20049770117840773,3242
SURF COAST SHIRE,365,0.7549514454474333,3241
SURF COAST SHIRE,365,0.9829663028072353,3235
SURF COAST SHIRE,365,0.99997796082457,3240
SURF COAST SHIRE,365,0.9988026728595425,3231
SWAN HILL RURAL CITY,366,0.9995125598742282,3597
SWAN HILL RURAL CITY,366,0.9783329245263883,3585
SWAN HILL RURAL CITY,366,0.9993050395029738,3586
SWAN HILL RURAL CITY,366,0.9998710089853995,3599
SWAN HILL RURAL CITY,366,0.0332977720796263,3533
SWAN HILL RURAL CITY,366,0.9990288373738121,3590
SWAN HILL RURAL CITY,366,0.9985139432378414,3546
SWAN HILL RURAL CITY,366,0.9993867124146971,3583
SWAN HILL RURAL CITY,366,0.9989464112268501,3549
SWAN HILL RURAL CITY,366,0.9999498766909393,3596
SWAN HILL RURAL CITY,366,0.9999999999999921,3589
SWAN HILL RURAL CITY,366,1.0000000000001257,3588
SWAN HILL RURAL CITY,366,0.014145714862273517,3579
SWAN HILL RURAL CITY,366,0.9989147554295419,3591
SWAN HILL RURAL CITY,366,0.9985261689127976,3594
SWAN HILL RURAL CITY,366,0.7979743754665918,3544
SWAN HILL RURAL CITY,366,0.9999997287823139,3584
SWAN HILL RURAL CITY,366,1.0000000000000149,3595
TOWONG SHIRE,367,0.9206639441418468,3701
TOWONG SHIRE,367,0.38398426140537073,3691
TOWONG SHIRE,367,1.0000000000000013,3704
TOWONG SHIRE,367,0.9999999999999948,3705
TOWONG SHIRE,367,0.8368204880888518,3707
TOWONG SHIRE,367,0.04345396036674531,3695
TOWONG SHIRE,367,0.9973126164456371,3709
TOWONG SHIRE,367,0.9965646081027066,3708
TOWONG SHIRE,367,0.9999998369764423,3700
WANGARATTA RURAL CITY,368,0.10941397018779056,3685
WANGARATTA RURAL CITY,368,1.000000000000012,3733
WANGARATTA RURAL CITY,368,1.0000000000000142,3677
WANGARATTA RURAL CITY,368,0.9709229019050545,3732
WANGARATTA RURAL CITY,368,0.4579687585474319,3682
WANGARATTA RURAL CITY,368,0.12405964441358328,3747
WANGARATTA RURAL CITY,368,0.03642531993838705,3723
WANGARATTA RURAL CITY,368,0.9987026652028506,3746
WANGARATTA RURAL CITY,368,0.9994590298380372,3735
WANGARATTA RURAL CITY,368,0.5591123940587164,3675
WANGARATTA RURAL CITY,368,0.9743912242503564,3678
WARRNAMBOOL CITY,369,0.14953078075474172,3277
WARRNAMBOOL CITY,369,0.07676985558259514,3281
WARRNAMBOOL CITY,369,0.012794157020495908,3282
WARRNAMBOOL CITY,369,0.014396024843606267,3283
WARRNAMBOOL CITY,369,0.9070437567107578,3280
WELLINGTON SHIRE,370,1.0000000000000238,3859
WELLINGTON SHIRE,370,0.07665489937463615,3825
WELLINGTON SHIRE,370,0.9999999999999953,3873
WELLINGTON SHIRE,370,0.16214695822511271,3870
WELLINGTON SHIRE,370,0.9682128767972501,3858
WELLINGTON SHIRE,370,0.7069156351128032,3967
WELLINGTON SHIRE,370,0.4697118116485597,3854
WELLINGTON SHIRE,370,0.06410342049402452,3864
WELLINGTON SHIRE,370,1.0000000000000409,3852
WELLINGTON SHIRE,370,0.7562378486922704,3857
WELLINGTON SHIRE,370,0.3866154936135269,3844
WELLINGTON SHIRE,370,0.9807308366280351,3971
WELLINGTON SHIRE,370,1.000000000000019,3860
WELLINGTON SHIRE,370,0.1286502456932921,3880
WELLINGTON SHIRE,370,0.36035578732711787,3966
WELLINGTON SHIRE,370,1.000000000000027,3850
WELLINGTON SHIRE,370,0.9995126316475065,3851
WELLINGTON SHIRE,370,0.25340836604843436,3962
WELLINGTON SHIRE,370,0.7642105249382295,3862
WELLINGTON SHIRE,370,0.999032486259223,3874
WELLINGTON SHIRE,370,1.0000000000000095,3847
WELLINGTON SHIRE,370,0.27577183673164885,3856
WEST WIMMERA SHIRE,371,0.13882337856016963,3401
WEST WIMMERA SHIRE,371,0.9999868106037847,3318
WEST WIMMERA SHIRE,371,0.9997882194926291,3420
WEST WIMMERA SHIRE,371,0.9998847013871908,3413
WEST WIMMERA SHIRE,371,0.9919356098137629,3415
WEST WIMMERA SHIRE,371,0.9999999970562148,3412
WEST WIMMERA SHIRE,371,0.030389341085918797,3418
WEST WIMMERA SHIRE,371,1.0000000000000047,3319
WEST WIMMERA SHIRE,371,0.34200371839781096,3409
WEST WIMMERA SHIRE,371,0.738513484698143,3317
WEST WIMMERA SHIRE,371,0.3469543221735955,3312
WEST WIMMERA SHIRE,371,0.037408862896506086,3490
WEST WIMMERA SHIRE,371,0.9829276855750358,3419
WHITEHORSE CITY,372,0.999392365389784,3130
WHITEHORSE CITY,372,1.000000000000034,3128
WHITEHORSE CITY,372,0.9998224684573003,3132
WHITEHORSE CITY,372,0.9849688621460585,3131
WHITEHORSE CITY,372,0.9959943023361814,3129
WHITEHORSE CITY,372,0.544295216032725,3127
WHITEHORSE CITY,372,0.999989373469554,3151
WHITEHORSE CITY,372,0.8330399546403914,3125
WHITEHORSE CITY,372,0.9818494516672828,3133
WHITTLESEA CITY,373,0.9991440745468081,3074
WHITTLESEA CITY,373,0.999829994887167,3750
WHITTLESEA CITY,373,0.9107494361916673,3755
WHITTLESEA CITY,373,0.39372583968191094,3083
WHITTLESEA CITY,373,0.6727436150304094,3754
WHITTLESEA CITY,373,0.9996652461803164,3075
WHITTLESEA CITY,373,0.9997735345446176,3076
WHITTLESEA CITY,373,0.1908690928472436,3064
WHITTLESEA CITY,373,0.9999999999999516,3751
WHITTLESEA CITY,373,0.3428451674224324,3753
WHITTLESEA CITY,373,0.9996029975146061,3082
WHITTLESEA CITY,373,0.6155278730523799,3757
WHITTLESEA CITY,373,0.9989544248927417,3752
WODONGA CITY,374,0.19375202401583727,3691
WODONGA CITY,374,0.9980631297161409,3690
WYNDHAM CITY,375,0.25721178385704624,3338
WYNDHAM CITY,375,0.7262717579722081,3024
WYNDHAM CITY,375,0.5440492642652103,3026
WYNDHAM CITY,375,0.6825316748009849,3029
WYNDHAM CITY,375,0.37303492164532276,3211
WYNDHAM CITY,375,0.9972642095792548,3030
WYNDHAM CITY,375,0.10653027579825414,3028
WYNDHAM CITY,375,0.99681916606078,3027
YARRA CITY,376,0.9979999678483339,3067
YARRA CITY,376,0.9985311230592919,3121
YARRA CITY,376,0.9994531573751556,3066
YARRA CITY,376,0.5985375555397606,3054
YARRA CITY,376,0.5462869804925504,3078
YARRA CITY,376,0.9999914642136474,3065
YARRA CITY,376,0.9562377101822757,3068
YARRA RANGES SHIRE,377,1.000000000000092,3792
YARRA RANGES SHIRE,377,1.000000000000116,3788
YARRA RANGES SHIRE,377,1.0000000000000522,3766
YARRA RANGES SHIRE,377,0.9999998894686728,3158
YARRA RANGES SHIRE,377,0.9976559474138064,3799
YARRA RANGES SHIRE,377,0.6622473697253506,3779
YARRA RANGES SHIRE,377,0.07426273607287406,3115
YARRA RANGES SHIRE,377,0.9999999999998674,3789
YARRA RANGES SHIRE,377,0.9995517631956625,3138
YARRA RANGES SHIRE,377,0.9999999999999708,3795
YARRA RANGES SHIRE,377,0.7147004895408698,3775
YARRA RANGES SHIRE,377,1.0000000000002494,3786
YARRA RANGES SHIRE,377,0.014977777510807007,3723
YARRA RANGES SHIRE,377,1.00000000000011,3796
YARRA RANGES SHIRE,377,0.9998596394021894,3770
YARRA RANGES SHIRE,377,0.2940957847920751,3778
YARRA RANGES SHIRE,377,0.6013594322980237,3777
YARRA RANGES SHIRE,377,0.9994774105799045,3116
YARRA RANGES SHIRE,377,1.0000000000000064,3140
YARRA RANGES SHIRE,377,1.000000000000055,3793
YARRA RANGES SHIRE,377,0.2992739351415294,3804
YARRA RANGES SHIRE,377,0.9999491037822419,3791
YARRA RANGES SHIRE,377,0.7709965924203004,3159
YARRA RANGES SHIRE,377,0.3621767650187142,3782
YARRA RANGES SHIRE,377,0.998239378106151,3139
YARRA RANGES SHIRE,377,0.9998138152219724,3160
YARRA RANGES SHIRE,377,0.08953732048586314,3833
YARRA RANGES SHIRE,377,0.9976550303982767,3797
YARRA RANGES SHIRE,377,0.3435519893795443,3156
YARRA RANGES SHIRE,377,0.9999998975926567,3765
YARRA RANGES SHIRE,377,0.6512086958389497,3137
YARRA RANGES SHIRE,377,0.9999956193812344,3767
YARRA RANGES SHIRE,377,0.8728356617593797,3787
YARRA RANGES SHIRE,377,0.9999174143311873,3785
YARRIAMBIACK SHIRE,378,0.04988124068207763,3401
YARRIAMBIACK SHIRE,378,0.9995184236795822,3487
YARRIAMBIACK SHIRE,378,0.8964799655730135,3390
YARRIAMBIACK SHIRE,378,0.9999614870150354,3392
YARRIAMBIACK SHIRE,378,0.6222628213015076,3491
YARRIAMBIACK SHIRE,378,0.4028267613232166,3489
YARRIAMBIACK SHIRE,378,0.8438041662686439,3488
YARRIAMBIACK SHIRE,378,0.82727511395674,3395
YARRIAMBIACK SHIRE,378,0.08851348951096528,3480
YARRIAMBIACK SHIRE,378,0.8372438999443576,3388
YARRIAMBIACK SHIRE,378,0.013563486728025697,3414
YARRIAMBIACK SHIRE,378,0.13446630032267598,3385
YARRIAMBIACK SHIRE,378,0.36537869907868553,3424
YARRIAMBIACK SHIRE,378,0.999999978528973,3396
YARRIAMBIACK SHIRE,378,0.0808174020678195,3482
YARRIAMBIACK SHIRE,378,0.9999880604749095,3391
YARRIAMBIACK SHIRE,378,0.3735918845879966,3485
YARRIAMBIACK SHIRE,378,0.9071314325481334,3393
